customer id,Meeting Date
Q26DgiKk1PNInxXQS2WxsQ==,11/07/2017
QKgtK8F9mqbIun8AZ9g6gw==,03/03/2017
cSd1us0AthVnyo7rYFhTyA==,25/04/2017
mCK+uWAup+ovl5Hh3C+uvA==,25/04/2017
0di5u+7+LTf8EuiqSr9+hg==,05/07/2017
ddUiN3Q9Zh+PYKmI6bpZiQ==,05/07/2017
mRfDuKwbIJeWlg0qLw95MQ==,04/07/2017
Bwm7GSHTKCmBgZqB6z9OYQ==,04/07/2017
HAcIr0Mx3xo1372vjiUtbg==,02/05/2017
dSn3coS5r+im76VIu8yEug==,02/05/2017
sF7XPnN0TNTWRQ8zHoWBrQ==,20/12/2016
aOS9wkr8yBEM+8vsJPEncA==,20/12/2016
UpNd5YMnWSMcJSkt1sO4QQ==,18/04/2017
jMc90qQqwtZJhN2zxy9jOw==,18/04/2017
KS8DALvdta2e/BDzHEUuVw==,02/08/2017
RbUx4BYW/gprLY1RWDs2pw==,02/08/2017
u5vGCddcocc7CrPajYnT/g==,20/03/2017
D+ok1O35mTJt+mwdb4h7mQ==,20/03/2017
DYqJUV/onNU83t08A5oVsA==,15/08/2017
bHZu0vAoniCoCXz9upXzEQ==,15/08/2017
33me/UcIIL89+NS5wpcwzg==,07/07/2017
X1l+5fFN7pNAwUisF+dy1Q==,19/07/2017
MkgenXNpzTS8Fdaec1LDyg==,19/07/2017
mLhPQTrbWBCUlrQuvRJj/w==,07/04/2017
q2xQDI2vbWcwVt0gHLGcBg==,07/04/2017
W7wwvCMh9Ia3aQVdu1o68w==,29/06/2017
j49jgAzfVKd2upwUsgWewA==,06/12/2016
cxSnidnJZUlNwbHDcdEg6Q==,31/01/2017
In1kVysAPboSJTL54tp35w==,31/01/2017
/lNRfa4ONGoxDMudXuzL4g==,31/01/2017
Vk7S291vBWdQDoobeYHyiw==,05/01/2017
rco/u8aGiRB1qXk5+Z6s+w==,05/01/2017
Gyud3mesAdKObxPjYQCFRQ==,08/12/2016
2UB1t+IS+OBVdbogedSjIQ==,08/12/2016
k9eJni5KOZOXKdofAgUsiQ==,04/05/2017
kCVgsfEIvCoXByW4hIYzVA==,15/05/2017
rzu3oz5ZWCc4MNSLvC2Upw==,15/05/2017
xfWnM3FsMs3I2nbzCCdCDQ==,15/05/2017
CvNz+ch0uCa2iRpnvWMg5A==,15/05/2017
btThPqoHa1bUXcUleCY9ZQ==,15/05/2017
bIoSIJ5IGEFseg+sn+VVxA==,14/03/2017
QT8twgZwcsQzliTbPZ+lNw==,11/07/2017
Kwo1tR4V0D6tsmZRCSRvbw==,11/07/2017
kPCwD9RK5Qezn/bYfibysg==,03/11/2016
/phUcjtM99nbqUBAkT50IA==,11/07/2017
yyvtfw2fHZr3gzwnoPuqHA==,11/07/2017
EyLfX+/p0Wz/OZQ4wJw/tA==,11/05/2017
QXaHVNd3gVV4v+L6ldphTQ==,03/07/2017
X8eOqkd8AE8CvXlNQ+PDeA==,03/07/2017
rPX2wPGRgHz041ypX9mkhg==,23/03/2017
IhC8jIaC9njVUv963UG0GA==,23/03/2017
l77RSmg8/QBl/RpWE6GiBQ==,11/07/2017
u2THT0Y+6S5vh3xHoTDWRQ==,11/07/2017
zkTVGl9NBijBvP6BrUyBKQ==,24/05/2017
jR8V/iSM+KORHu2qWgBqPg==,24/05/2017
YHpDu/XKNYGJb7HtvrbU7Q==,24/05/2017
DJrs0mks/igGe7Drqa5Amg==,24/05/2017
KjBUN9/zjzuD9SkAVnqR7Q==,19/05/2017
ZVu2b8Eveh2kH1r0jxgY8A==,14/07/2017
bu/0AfdgHkwUNTUq0bVkxw==,14/07/2017
6YjYG3Bd8013NehL3QIg+Q==,01/06/2017
zYTZuof4OQRN+BtWqnZn8w==,06/06/2017
7E8b1hASZBpusKpjzQbPOQ==,06/06/2017
KldLyyWgrh+q18YwNw5iNA==,18/05/2017
Kq6FXk/OghOWEQiX8lE8YA==,18/05/2017
xBP39TnzlCVZdwXJFCqUsA==,24/03/2017
MVsaz0sC9ke+4S5h7/ZsBQ==,24/03/2017
5dKvUUjapD8v8Iuzr2eA5w==,24/03/2017
N8m8ZuvTouRV7ip0/q5MDg==,31/05/2017
8WaHv2DwCxCPWd8oxf0XOw==,01/02/2017
qIaDwiUr7Pu3zHOFVvhpFg==,01/02/2017
RGq3pIjM+Qikx3shnq/+1Q==,12/01/2017
JGZIhfl87ibazbIj81922w==,12/01/2017
O8n0rCAHGa3mLPcLXboemw==,16/06/2017
nhpRC5Gz9zBqTrAsZa2ykA==,16/06/2017
Kruy4F45Reh/yufTGGoDvg==,21/11/2016
k20fE7mqxkG10STZbcfP+Q==,21/11/2016
sD0Hi4WdMtaxKz5JGsr5eA==,08/02/2017
9DDbJgh8AIK17mLac2MZhQ==,16/12/2016
D/Voiwk1IGWUJm7Zuofo5A==,16/12/2016
Ib1hvdnXunsPXGuAbsASYg==,10/08/2017
qglS1KtmdWIC5qfc12Fr2g==,10/08/2017
rSyeCpxG1fPegXcUwX1kzQ==,24/03/2017
xrwRUETgAugV8QhTRWi7kA==,24/03/2017
LJ7HHwQK5Ds1AVkJPEQBvQ==,29/06/2017
RS3uftOqxA6YBgLyde7F5Q==,29/06/2017
j4qFIw9gnIV7FPWXyqtKLw==,27/07/2017
LTYtle0YduuhAawC1ToEjQ==,14/03/2017
Q9W4/BsGdOfP0Ew21rtkQg==,14/03/2017
rSrqO70QUOhOKg8Ln97qHQ==,03/07/2017
4izk2QilmhkDycgV70v7Aw==,03/07/2017
XkkdZjd2BuxEwnVkEjq1EQ==,11/11/2016
VQhxgozBvKHA19+Nsl+Apg==,26/04/2017
TixYnAD0fpCLI5Azf2U3UQ==,15/03/2017
51OLhNEJbdhnqh/4gqEQVQ==,15/03/2017
VIlR87dLp+buafkVlTsORA==,05/12/2016
KVedCWk1svhqTU8b5Hy2nA==,05/12/2016
NZTNpHrxy4rgxGGmoK/JzA==,05/01/2017
Uqsoy0L/q/wZkds19Ng5bw==,05/01/2017
K5jmcfy7SPilhlOJYMjP8g==,25/04/2017
whm4O9vT/Jv0+oUm1DaOoQ==,25/04/2017
pZr/MIELBmu+MdH655WWrw==,25/04/2017
0NzwY6nHZ474SdpH57XDWQ==,25/04/2017
YCarNDcq78NnIZhBh/Kvxg==,13/06/2017
NG/0B3g1GDbqaKFOMEqgrg==,13/06/2017
/ZgvP69vqnuASfy3E6+ytw==,17/05/2017
ucMX0GkG2gPj1HmP5YJOMQ==,17/05/2017
64QPznZyk+12mw5aw31FVA==,17/05/2017
/z/Xg40Vtzq5dAYKzDbhRg==,20/07/2017
MFjvVDynG6pTpbkCrMN7cQ==,20/07/2017
vgu7D5C8mowRJOuZK66Y+Q==,20/07/2017
mpk5F5gKExmyes1+rUzZOw==,29/11/2016
oGCpWeJZOpA2pKmkSfmzBA==,29/11/2016
yMHvrKlzDfmCbqX1vXLQJQ==,02/08/2017
PR7RJNSKxPEhBrMt7PhAsA==,02/08/2017
s8qlWGYRRVPOMZowE+8hHQ==,02/08/2017
WBF8O9dRrvSCvg0HtGX2pQ==,02/08/2017
4dlt1R9sYaSLOvOTM2JnZg==,25/11/2016
ypNtcLJqwvnGimVXXX+n6w==,23/05/2017
bpCyacPD5sM16FBFuGXx3w==,23/05/2017
Rbtvf9FW0PXtZ1MEz4qXig==,07/04/2017
OWv+XBrnDqskWsQIJLQS7A==,11/08/2017
lmHYdbRHRDQgJZqsMtqLtw==,11/08/2017
HzpPdxW5/YVVlbSDYQHsMA==,11/08/2017
8o3HAIUzwCW+29yIs2QK6Q==,08/06/2017
SdmkDX5VxaKDopEP16Fxrw==,01/08/2017
ZEW6nfPFRiiE9cUQQmR0/w==,01/08/2017
5pYNUV58V4aoBjWDC7XQ4Q==,27/04/2017
dKVkeBvzj0L21grgyOLWOg==,27/04/2017
BgG3QFmTFgnOH9hBDbb7FA==,27/04/2017
W5LklF6zoEmQZxpNpgT/Fw==,27/04/2017
FRNkMQaUXwqDul7rx2V0PA==,11/11/2016
RHZvtN1OSXfnWpMhy8ZBPg==,24/01/2017
QeVvFMbFgJErZ8kRM2Q6VA==,24/01/2017
LbVZqR417QbZhEaqnLvMcw==,12/04/2017
AWpVB9FJYjUkbmqRsdw1hw==,12/04/2017
kKm+7CNW42E/Zn4gcEyVPQ==,28/06/2017
mt8/6tA0jWH5Yva54NhkSw==,28/06/2017
9NE14jvM7wKu3r+WmRXYhQ==,27/03/2017
FsfAOJKqy9CM1sHO46ul/Q==,27/03/2017
41rcgmsCH5H3Lxg9G7JHcw==,14/02/2017
4Medme43XtWuf3frDkaZVw==,14/02/2017
DEgp8YsW5egLj5yuiKXRfg==,03/03/2017
6zc5YanmY/KRCOKW0we8uA==,03/03/2017
FjOy6NjTnsr1/QX9FrT/0A==,03/03/2017
qGKKaybCMCpKaCiznVufhg==,03/05/2017
HwNK3mxY/EQqZuSytxq7+A==,15/05/2017
ZU9Eu98YlNDRq5NCgulETg==,15/05/2017
JEtF7UNsG1gKNMoncOyiQA==,06/06/2017
se99Dh3F70RPddW9xZGppw==,17/08/2017
0EhTcxzgeQr4+9neXDfIwQ==,05/07/2017
D3lusCI41ip6zluPLEFtkQ==,05/07/2017
NUCgBc4bnGG4xAM4p/o7Vg==,18/08/2017
obp1ldnx+i+iNbqXyXenig==,18/08/2017
gR4F5pTXyPoNWE25HKX7qQ==,13/06/2017
+K2OqslQAUPTniDLNW33kw==,13/06/2017
Xui7fDwoWFHbm5aelWr8Ng==,13/06/2017
3YI9bh46iNrwhzs2qiBDaQ==,13/06/2017
aobz1mUtXvQMlUF2tx8mPA==,13/06/2017
YQnnIN/e5xQ7h7WXNo7xfw==,13/06/2017
T37f85RSLxrKEVAdPzMkdw==,22/05/2017
+B4xLKP71h1RW7Zd6sAlnA==,22/05/2017
KSN4SPhiI3yX0k8s1x+JyQ==,24/04/2017
E0SjFWkjqtAlwQDX+EWGXg==,06/12/2016
/rt17M0RAdhKKqXrh4Wc4A==,06/12/2016
Rh39L209bzZyWsQjpRxhMA==,13/01/2017
Nly8pQVud10Yw3B8h2VPww==,13/01/2017
6f1Re3D8brc0J/KgHmctIg==,10/01/2017
uhSWGuIXbQ50JpUtRLhGxw==,10/01/2017
I0e1bNafvyN+avFN+MB0qw==,20/12/2016
ciHPBpopXkQ3Z3NWYGl6JA==,10/11/2016
AF9GZr9bKsmFMPIMZ7WrUg==,10/11/2016
rbfcdHvdSjaCk/f9ZyHW3w==,10/11/2016
OdLn40bPdGux4R3KPs6bjg==,17/01/2017
CkHPQBI/NdrFjWZEP9VeUQ==,17/01/2017
Y7tm0KMSoMr96q5vHLpFeA==,29/05/2017
KRZP19j32Ovtf14KWKnouw==,29/05/2017
3eVXmokGMABW8dytVgIcWQ==,23/11/2016
nIxCQdJk+IP0WHUpMWsEKg==,23/11/2016
PSsIqnz6aP1U4/Sk5//PfQ==,02/02/2017
+LFGsSZL4SV+ZfUY3oKjcg==,03/04/2017
A3vj8783/+1eW4dQxRStFw==,03/04/2017
NFdiB8jA+rRmJ8iAoQnAHw==,03/01/2017
Qqphx8z6ldxNtNiUUw3vig==,19/01/2017
sBsvZxV4Vynwonj0Z0qXMw==,19/01/2017
Ve76QaNDMQ3//GBFnE0ceA==,07/04/2017
MfsiBSbAnRi/nPr/ILy6Tg==,15/06/2017
5qB7ZMwV0M5TBkIH7OhC3Q==,15/06/2017
NpbNC5BymbI5EA6h11nZEw==,15/06/2017
E5SYUgLqY7y8KdbbffNShw==,03/03/2017
Eui8FHMR4vW/e6Nv0AOaWQ==,19/07/2017
WTtn4zYp2mHWuVQz4tuJoQ==,06/06/2017
ewHKoHuS6EJNRUh+6SO91A==,06/06/2017
qu7Ee8AflRVgQRi8cYgg1w==,06/12/2016
pqPT6jZSoFETuU/FztlCFQ==,06/12/2016
uJmqFcVv7mK86gkDtZsY/g==,05/07/2017
B5KcTyc2flSQkAR4qPt3+Q==,05/07/2017
oCe1hGp0w/tzYXHhE5vDEg==,23/12/2016
oBh0sYgf609JjT+He9QeYg==,23/12/2016
YLRHHh+x6ODSZtlwcWacyw==,11/04/2017
CDKn17VZkiYL2hscay/ZJA==,11/04/2017
E81J/jsbN/R+bCCiVgRcwQ==,15/03/2017
n6PeKCnBShjIxBVZ/Ms2pw==,18/04/2017
D7uGsGwvpmFDMoLuMKs3Iw==,18/04/2017
lA+2UN2v2TREwR07TEfwDQ==,05/07/2017
23cb8AHziEhimKL81owt+w==,05/07/2017
UQPcEenYzPXCwN0qYlSnpA==,07/07/2017
7k/Fh5p/Tz8gDqPRlPrPEg==,03/08/2017
DRk91werJYe4Xs4VbOjF0A==,03/08/2017
MXTbg0R3oHOrUVjQpYpLsQ==,03/08/2017
T373MIyOt+XjcwoVpmwPsw==,03/08/2017
FCHQRuLCWm6602po2fO+BQ==,28/04/2017
8dVAr1OgNJ11ikDOTqE4DQ==,28/04/2017
vLNec8l0pLoLVoXb2HXC+g==,10/07/2017
ohSC1zuI0ESsciNltwzvwg==,08/02/2017
MD/a3n7C6Gwb55v4qPMn9Q==,08/02/2017
6smFvap2zzUqt+jsxIwGGA==,20/01/2017
jlrDXhZhzBTLUY+puTZIVA==,20/01/2017
4mrzUxHR4+sIc9hi6Dqh1A==,25/01/2017
EEkpX47mEprU2NhK+sbwXw==,25/01/2017
vzC2kTkd4D/aot9DpY52wQ==,25/01/2017
4ynxTHJA5sIzNaiKASjTFg==,25/01/2017
LHLTVNi+4qmjRWiewKvZeA==,17/05/2017
VaJHH/EC1upr0jyBqv39Qw==,17/05/2017
CRn+gjm6W+dGrnodRPUKfw==,21/12/2016
4Cch6GSyZJADvPFbpNqTGg==,21/12/2016
sZRrNM6Xaz8iPVr8IFLonQ==,10/07/2017
106JRaS0gW1jA5H4ZTC/ag==,10/07/2017
LKLyiDhzslZTK14MujVM/w==,22/05/2017
81NalJ4GN9SJQTHVFmSaXw==,23/11/2016
J9vWP7oD4OZh65PVVrySDw==,23/11/2016
ibaufpwK5HYQNveFgSwxOg==,05/04/2017
vGUe5ywQtNOoFN98DTd+1w==,05/04/2017
SFFwOgRxEQxx7H98j9wHPw==,26/05/2017
8viOjpqr2bydDNhHK7KH0w==,21/02/2017
1QEJEjauGHWgbE+mZhZmlw==,21/02/2017
Ha9s+yG6Q5VDEKbdM40EFg==,18/08/2017
ithxQRk69LI1VaOAcvqRdg==,16/11/2016
vpbRz/MLjZPKmoJNlAjhyA==,16/11/2016
vwRDOvNrP6QR6OTVS7A8Cw==,09/06/2017
nHRBvHWc9ccTpMFARHR3eA==,09/06/2017
oRQZZHSaAYEivMLUSr7LHw==,28/07/2017
h6wWCQr7snv2mC6pg2VBgQ==,28/07/2017
52V28JBt9ORpkbytPdftYQ==,28/07/2017
c2GrpePyKBgRifYpkL3rcw==,14/02/2017
EQ7tLGMKqw8/qH1kc5JnMg==,14/02/2017
+1G9xLmeK9iBhiyPdtQE1A==,04/07/2017
rkgra65rKOXxYxky1uXDgg==,04/07/2017
RH9R7y0GnofSE4J4nMqx5g==,04/07/2017
P95VvvXH1giSSRJgBuM43Q==,16/08/2017
o9ECy7sMSzuPD0vKxSBy5g==,16/08/2017
QriMi2hoazCHRse5Zn7LLA==,11/11/2016
eXSjiypCJoBmwDRCssySKw==,11/11/2016
TgxQNIrtyAcd0Ac/WqRq3A==,11/11/2016
Ax9BNC2FCpxOCZfWJv/nPA==,22/05/2017
eQnfasjSg4sgVR7kgtRvtg==,22/05/2017
qzMBNfIT3t1WU4AM53A9NQ==,21/07/2017
gAXa/wVqwRwBie5zZxYcaw==,21/07/2017
rQ6eVFvR2Unc8BnOBqKulQ==,16/12/2016
HgUaXJvQjAJ+sJtSLCa6iA==,16/12/2016
LT29r2OZLYHaHzaz7iQMDQ==,16/12/2016
K647U8J57EAVZ3JK6J1sSw==,16/12/2016
LtgqfmReRVhNOqurg07vNQ==,16/12/2016
T73H3j4x3jOGJYbI20VvUw==,27/06/2017
9FSn2hLC+/wS2uUF9Z8wSw==,27/06/2017
2gk2SK8cWvidZF022GcemQ==,26/05/2017
Vsf3Q12OaGDKOSsrBtVkPw==,11/01/2017
YUok9sWC4iCtoXcEG6uU+g==,11/01/2017
VacG28IAqEjXFHMZ7wR2+Q==,01/03/2017
W+WnUGv8XOg6+oNU+axf/w==,01/03/2017
fFQHNCTiLPMMt/KvWcTadQ==,01/03/2017
6igzv3lUJSdmOErYDJ5rvA==,02/02/2017
nfKd/IfNvezUFQsk/GPFLA==,02/02/2017
bmuTJ2WkrLI+pA4StK27rA==,02/02/2017
PDnZ1wtmJ0a47wScmEFkOg==,06/02/2017
ZUjPApZIAOWAFOUEC7FOAQ==,06/02/2017
bjJivrJMU8ouTXvEs3j6ig==,09/02/2017
q/0Jwca+p0ovReXr5/XJLw==,09/02/2017
59hJrXHzDkS+1EasAFB/WA==,11/08/2017
Vusv/5rerDUZH9YV//Pv7g==,11/08/2017
N9s1zCkfzt3PgHrP+5c6fg==,11/08/2017
YUckZmUAGHLdWohtQY+ZDA==,11/08/2017
lpmP7FfYGliMtw39ela6uA==,11/08/2017
tQJqp3WNwOb4Xdt191TtFA==,28/06/2017
CmTMaQKeDN12vH2OVf8wfQ==,28/06/2017
/tx5vXHetwugVkFX4zFP7A==,10/03/2017
Gh1jbJj55js8u2Pwaf/pIw==,10/03/2017
fs4iG/P1292+PCdwrBm0GQ==,04/11/2016
mx46KTBr4rg8HGYKiWs85A==,04/11/2016
SrIyRF+bIbZd/fbqXyf3BA==,03/11/2016
L9SwpXoR6flZykH5bC8HEQ==,25/07/2017
h+udTqoDzzljDPSKkg0ZIA==,25/07/2017
IjuKS9iE8B2PH5SosLH5ew==,25/07/2017
YuEl/eADfveBBpc9fZHJTg==,25/07/2017
T9BPvuuaq/LwKcgTPEv4gQ==,25/07/2017
qpPCGEDg442gfVzj6plLTg==,18/01/2017
igoY7nknEqPTqgRNv8WB7g==,18/01/2017
uwhIE0lm/F20WqQRuJM6XQ==,24/11/2016
AQZcwSqdepUL4DhroOQxVw==,24/11/2016
t4+B1b3+0xaMRysjfze0Og==,24/11/2016
wkEcCFelACxC0rFkV966Lw==,24/11/2016
+pRiugGtJvGVNb48TEYqXg==,04/11/2016
dhjIq/qP0frXNzqHl6owSg==,18/04/2017
sFb11gRGpdXKf7qUnK48+g==,18/04/2017
Xc7U4cprG5zJQ7BpCfkuBQ==,20/01/2017
yv8ojz29BQ5cDnYJfjM/+Q==,20/01/2017
s5rAL/UCH+0Qy5mIoj1dAg==,28/02/2017
cO2if5KKfjRJBtW7lzsPtA==,14/06/2017
ltwZPXqatzTwcsfYMcsoGg==,14/06/2017
73N2SI9c8qmYdAJ0weofKQ==,17/03/2017
mAAj6vwsQZGAkW1+ttKVmQ==,17/03/2017
0M76Q9Fffkt0riFZUVXskQ==,10/03/2017
kaN44SV1OtdLAz6Ux7EnBg==,28/06/2017
7ri9aVmeVr3Y9L6Vkz/14g==,28/06/2017
/TuY6ZQqmlTUl7b/H34wxQ==,31/01/2017
sCUzDtr1FmRSReg3wEaC+A==,31/01/2017
rOt/8lyjzwif2LBiEoGTbQ==,31/01/2017
WONvWfflMqys+ctu8auRuQ==,30/05/2017
nIe0+nR9S1Z1yC9WHrnNTA==,30/05/2017
hRLq80W/EcenWhMGwDZtpw==,30/05/2017
vBXWTjIrgiqFCedeqqo3Yg==,08/12/2016
1IT4NOSTkkZNIz0hfmso9w==,08/12/2016
KecVUbtbbAQbiVqf2221Vw==,21/04/2017
Vwi8CBUDWLyrcCAk31oeDQ==,21/04/2017
7uW/4JQTsrSIIaWkiLH0lA==,24/02/2017
+/U7azkxjHsJM3WP/CoWfg==,24/02/2017
MkTvTCrrF8A1Eck8tDyu8A==,04/08/2017
VqVzmukYrUv7+sPLUGWEdg==,04/08/2017
/GUV34uCIq6c33G1WgIZNQ==,04/08/2017
FMFarslfm0DwAAfmM20+CA==,02/03/2017
BhoQfLI+UkqXLex36QXZyg==,02/03/2017
Fk7NNryfwXgd8jnQCwBNOw==,19/07/2017
Lb+VtcUomzQM1T19fdAW7A==,19/07/2017
+KzgeoKoxCeiQkghDo94Ow==,19/07/2017
Ao58zMCNlGAbo+lAfHQ8fw==,22/03/2017
UjuW9QD8tEWaqHGOOHybIw==,23/11/2016
0zWJ4d6UyXjDxU09IvQsSA==,23/11/2016
+BH83HQb16VAOqv1XgQdHg==,23/11/2016
urbbd/O/xZ8VBmQQSGFYag==,23/11/2016
E9KebozxvPQn2j571panPw==,23/11/2016
9KLdrEkex8I21Ptd6zI4nw==,23/11/2016
LaWmjJgnRIWtwmbiJNd7Dw==,29/03/2017
ECBDfzSVzkPtxahSCO5gzw==,20/04/2017
5txXiVF9Ds0bBxkDxIEOqg==,20/04/2017
b61SHsywEfh9t1RE6C8LcA==,02/03/2017
RJF5GVJ/plJ0nxrLbc+WFw==,02/03/2017
ps2LhRBeMe5WR7Zalz8yBQ==,02/03/2017
rZqGbFn6YV9YY3Snm/pp8Q==,02/03/2017
feOTqIb9TnWlZIKeBgRJ2g==,22/06/2017
rjfvcGWGp8CUCCxerKBDtA==,22/06/2017
QpfvXzn0rrhtgOyXRM0pkA==,22/06/2017
trS6x3cQSoGdWUVxOmfhdA==,07/07/2017
OWuwOKxv9VHtS3vkRGaZBA==,07/07/2017
+IPg0kp4sPBdpBxtqzxUuw==,16/02/2017
5xwcpvOh2nKa57MpVoE/+w==,14/03/2017
CQGKWmAZy9R9922i8p/1WA==,14/03/2017
+FSKjZiif+c/JVipD5icXA==,23/02/2017
w3jEhU7DcMHIQ49y4ZtxcA==,23/02/2017
z+EtB5c+tkfSukD3YlfOGg==,17/02/2017
BrdHbsZqDfJTM3+7vDny2g==,17/02/2017
bBo5HMB3UPopeIo5M7FhnQ==,12/05/2017
HwbTrOzTLFOUv4upkR1m6g==,12/05/2017
Cv4QN07UQ4TXbA/aZwNIgA==,12/05/2017
QboerxV+evyAbmUilmfyVQ==,10/11/2016
fv/IkUdz/8FF+Hwtpj+t4g==,10/11/2016
Xkh7EBjEZS1FEU74R3+PjA==,10/11/2016
QFa4iVWzk3rwJd7tDIYGwA==,24/07/2017
y4HSEN7K7CLI+EPi9RqY/A==,24/11/2016
IwsopiGNQy/sgZqu+9vtNA==,24/11/2016
+b7yFuE7AlO6/fWqHGT1Xg==,24/11/2016
y/omi5924Z0FMd29/0bC8g==,24/07/2017
lcdmsmnP8WM62R+fDocNpw==,24/07/2017
XBhFGs5dnD9+i1RXbrie6A==,16/05/2017
HuHadtMQSbfqPvaA8DSgBQ==,16/05/2017
2LCFUM2UE0xB6HrFq3clUg==,16/05/2017
K9GftACf/BDt1DDmGR+EIQ==,22/11/2016
JI/CXnjf0Tx/ItqI5LeZJA==,22/11/2016
Dzg53CL/WtGaa3QgP6xZHw==,26/01/2017
ZrE7EYJwp8dgqEDnCqZq+Q==,26/01/2017
MJ54jTmtUrTUPdQAGt7KrQ==,19/05/2017
aKsUsyL+z0QZbMEYbxZ4Vw==,13/06/2017
MZu34PgHFsE0EX0Uoi1GHg==,31/03/2017
hJx7n+Xf6l6TZlyLv7oE8A==,31/03/2017
IL4znEbthpQUgcRMgrhLfQ==,23/08/2017
qJubgX0ccQ5u9QAAMuHFFA==,23/08/2017
wUgaiNjlgs5Y+UE9WskzYA==,21/07/2017
hlTctYTbnKhxU5fF4KqUBw==,21/07/2017
mfbhhOZjBRFa+l4Vd0+iaQ==,05/07/2017
SAFvVJ28A8DhIZA2Pmh8Jw==,05/07/2017
ao3jNVxPG3m6t/k3XHeu6A==,26/05/2017
nQt08qcm+F+1W24+NlSLFA==,18/05/2017
/S/oJdjEtCdViD8tmZZsFw==,20/06/2017
g7Y8U2L9OSuByBNsaRntNg==,20/06/2017
Q4Fl2tBDXVYCX8H3a04kJA==,07/02/2017
hn1sL6JsEhj4oj1Wwh++og==,07/02/2017
ryCqjMNhpUmPtBdoPf2EiA==,10/03/2017
xIKSltj/Rj2Ww0PMBoLG+w==,10/03/2017
Nx9btrgFQeYvDs9zQSk+LQ==,24/02/2017
nvdnN9xxss9EUzsy+zREGQ==,24/02/2017
yhUL2SnRBAA3cZbbZxX4+A==,18/01/2017
VdzxNamj3SO2JHSYE/W7yQ==,18/01/2017
sGU6+lz9KeygbRWOlhFVGQ==,18/01/2017
IfvDbX698Ch5H9UMAc/+2g==,15/08/2017
SB7mBGdX5oc6TgXDYgPXyg==,15/08/2017
ME2JAEnvZOFjZKktkD81ug==,13/03/2017
ssvApUnsU1mY2oIjzeEJng==,13/03/2017
uFHLMKNgTxoDxnmnmwpEPQ==,25/01/2017
ObqjFVTXZXHkSh0lVQQEDw==,09/06/2017
251GPcnX3S3gtb5A2eB+vw==,09/06/2017
2efFxzHUhcyXDER4b14ZfA==,09/06/2017
aYk2Y54nsrwDjg17TqRksg==,20/12/2016
FFjoSn8agJhN4HUItoI32A==,02/03/2017
shd8YFMHn3LNHyX6G9q1vw==,02/03/2017
HSa1af00crg73nu+sWHd+g==,03/04/2017
fHuev4B48gBKhZQw1ZmmIg==,05/04/2017
3VrlkjcJJBcv4f/rLr+ldw==,30/01/2017
lSdu9lNYQOxuQyp/woaIyw==,15/08/2017
1sJweIMMy+EioxDsbT5SuQ==,15/08/2017
uj/j0pbz5yabZvFj0xs9ww==,01/08/2017
YfGweywTOZSm09ZMin5H1A==,01/08/2017
25IlToCgW0EWQrxohXSGNw==,01/03/2017
IuHVOqcwTFmeQPcSuSGlDw==,01/03/2017
Kt7jgj/gscSc4rQSTNzs2g==,10/08/2017
3zXd+Q/kTAr9GjNPXSqjmA==,10/08/2017
00/xjYGeqd/toPY46uWJ8A==,10/08/2017
u9v0dzfUGL3HfHPvKMUKSQ==,09/12/2016
qmqEI/4lxAu03OyMzzOwwQ==,09/12/2016
TpOxU5ljrshyvQAAlzUg+g==,31/05/2017
NgNZnuMfzhK+D68JWCYzVg==,31/05/2017
OXsjPAa6l7Y1cx0iJ4Mhfg==,31/05/2017
21wFip9VT7Nx5Mjma957Ow==,30/03/2017
wHC/5/OFtb3aHc2SDEllpg==,30/03/2017
tGTYzP979HaI9ZwPxEA7Ww==,30/03/2017
vj9bgLnWsnym/xCZ1edrpA==,02/05/2017
n27BuCa0jqhD1x0wt2aisA==,30/05/2017
cgfMSaqCPKkMAVqs9OnBYQ==,30/05/2017
hqLNnIFiK8EnAQ2qWszlhw==,24/03/2017
ZJnhnUfXy9MwKib9tA0LQQ==,24/03/2017
islVRAk5gySYKbrzjyjLJQ==,27/04/2017
W/7Yx7gT0kafYCQQEP+ofA==,23/03/2017
pnOzy1TAkkqLp7FB9DL38w==,13/12/2016
TEP4hyZZFaZxol0IsH8eUQ==,24/07/2017
sAdHV+uOYp9aTImktAsnfg==,24/07/2017
kD49JaPalJinfUtyQyuY4g==,04/08/2017
r546Km4LdSBMtfJ6x6qR3w==,04/08/2017
OLx0YSzwDfbWEbZXvwZVvw==,26/01/2017
VEx7BVk+GrM/I6tXOLP6yg==,26/01/2017
3Lka0c02MGAQIPg9e2iD4A==,06/07/2017
H4rEowX4WkthdlXbJyBv4Q==,06/12/2016
LKPZjZo+GoiathIoYxDycg==,06/12/2016
5sp3sFmo7Fp4QpRCcPvnSQ==,14/04/2017
pCuD65HVhJXdimoMnL2LXg==,09/02/2017
S9UJaFOrx5F1YIWt+Q3+fw==,25/07/2017
IcbXofyHYV+kSudlenc1Zg==,25/07/2017
5jOj1Ps9ssdmXBcMgNtnFw==,20/06/2017
Iohyxry7S6WAzJM0XixndQ==,20/06/2017
0T9qoRF/CjbTR4qZj5kltw==,18/11/2016
eSNVTzQB56qt+UZvEhzhpA==,18/11/2016
WH2rD+DYTWSfI1zVIci4zA==,14/04/2017
fPLuhiAMKjsbN28mgeY5hQ==,14/04/2017
UJSheyFngvmsMxKcUJgTAw==,14/04/2017
h70Ci5+nzt6gZJwhcZVLFQ==,23/05/2017
dOSMGjjLQCLVDEXb074fmg==,23/05/2017
8c3rh10JVMa+hy5W7okuXQ==,23/05/2017
zyZRUjjgjOgUqWfdx3S/XA==,09/08/2017
sPvCeMg3s1wfRO5eLt2MVw==,14/06/2017
nmnkHnfeAgNrB9ypHAWwmQ==,14/06/2017
MCYm6xYLzS/1ueSgV44CGw==,20/07/2017
58a/s/D2LdQ1m9ilWgnWCw==,20/07/2017
cLmFNvfyz/XDbfJCR4fYew==,27/04/2017
bB51HM0JPW/sxo6kheMsmQ==,27/04/2017
BngVgsvXF57vTQPj5y8+3g==,28/12/2016
7mF6Hzu9u7wJlvEvyio3AQ==,28/12/2016
cCCFUtbfbNI/s2j+rHrFug==,09/08/2017
441yfs3VvRWRu2+KtH04vQ==,09/08/2017
BRthTeSCR0MsikQgAil5HQ==,09/08/2017
a434fmcxj1xwv0/600hYKQ==,11/05/2017
WZUaxot4XGNRj/ScuEuCJQ==,11/05/2017
PrHIR7dCZA/Wwq4YU9DjEw==,11/05/2017
xbs3zNZgBFqD7oYIiImRAg==,11/05/2017
fgpNES4/QLj23ssqfDZfkQ==,11/05/2017
gjAli1dvgejeyGmXEA0b+w==,11/05/2017
dhFqi49dqYGrkHadz2iiBw==,11/05/2017
zBVGymBCL82L4uuYnU4Jiw==,11/05/2017
jQ7HMLDVZxZG5NeCimnVNA==,11/05/2017
nChHU0EooeEuCLofqeLCmw==,09/03/2017
dNHjEvIyDeWmyU0L7OOSPg==,09/03/2017
p3BU6dbD+3WQeu0VFAyh5g==,09/03/2017
tclfbBiUG8lUnu8FbAC3wQ==,09/03/2017
puedQZfJ+ZJ7QQLfzEctyw==,21/07/2017
KUWQ+OqWhJ3ahTvxeMqxBQ==,21/07/2017
+9vQsmgQPM3ES/FoLVFZLw==,13/01/2017
gwH5mqJlNgN0gVRr9VQ1Ng==,13/01/2017
9qU56YfeCwxZr7a0hsR9EA==,26/05/2017
6ZIpLqYxTXEPInTm3z7Z0A==,26/05/2017
Gd3GGvjyE9LEPBcgTvqylw==,08/08/2017
UdOm81uN/mEf8kIUyO950Q==,08/08/2017
bKi9aA2sG7mSTWrTnIHeXA==,09/02/2017
+N7NB6w7zbMLyBYxnzKH3g==,09/02/2017
vD5hJ8oiY6CpN1ou+rja5A==,10/05/2017
ynCNDURFDZy5PIl79lFc0w==,10/05/2017
Ny+HdCAvyu8g+zkXYHmZqA==,21/06/2017
qF/jXvbFRT3uc2ggWQRsKA==,21/06/2017
Spr66yRy9CZ2nuf+c3+C/w==,10/05/2017
f4QMVay5APgEXXugtnCSew==,10/05/2017
sp2GF9kTA9s+Hl+2U8oKiQ==,10/05/2017
i0LT7rTaHynuCN7deFWg7Q==,10/05/2017
d1ls5wl8XzU8/8yGVIfZ4g==,09/03/2017
mCcqUTt+nFabbzZA1UB9jA==,08/05/2017
ZI0cmpxht42LRKmEurDdCQ==,08/05/2017
20hfQzgfu/RhZZJvmMlBjA==,15/11/2016
RDYVymsoQCdS62RsxvUa5w==,15/11/2016
XKF36a8S8NXZxMcmaMgbYw==,15/11/2016
Gphjn3pZdKRczXgmzlcKGA==,15/11/2016
SCrbfK0DjwFL+QZgKzR7TA==,11/11/2016
6sDvbl/Mpjy5hlHOeMjU7A==,27/06/2017
pXvxjhm2sX49T7wgVh4gVQ==,07/12/2016
VHlexhnr2pTIbQAYSGHJbw==,07/12/2016
aJskPo8z4NJzQ+uw2DtROg==,07/11/2016
3w4Z0pST7yE2/D4vwCnAVA==,07/11/2016
AbvY+VzQQull5TsKhTVL0w==,30/05/2017
eT0hAf4hiTs9RjpmAO6tOA==,06/12/2016
hzXJN6ZZ71E4p/W9e/Wa5g==,06/12/2016
p5CwSgOAmZ+z6pWMDm613A==,06/12/2016
SuTakZ/MQIfm7qmh4KyQ8A==,20/07/2017
46y7G41rij+jR/99uS+keA==,20/07/2017
MLGgHT9iv3R/hWI1zIv7Vw==,16/11/2016
9npApgTZj1zoO3cfavV9kQ==,27/07/2017
TsIn8sn43THMsjg08QInIQ==,27/07/2017
CY70iQG+gY0RY8yRSxbUbg==,29/11/2016
C7NJjes04Y+pTSydakQ8Bw==,29/11/2016
UhG9ok9cRBFMRzp0uL3zYQ==,13/03/2017
vB8BUknDz2FjMXTJOUNkiw==,13/03/2017
+M1xt7Rp8VvQOUf4STpyWQ==,18/05/2017
7J6Js9875CCLkl+64fL9xg==,18/05/2017
faKhEaPcsxXmJb0vxOojkw==,23/11/2016
yUrHLqEuoZQxNvK8ZHGWAA==,16/03/2017
TUjyk1t1CozhFJIUW4D37Q==,16/03/2017
YKsYxV/Bv0W3BGf75X/lLw==,31/03/2017
D5Xfq5ve767rRNyxZMjdAg==,31/03/2017
0XU2I7ymnptlSZVOUm1rZA==,29/06/2017
h+xU7yfpOQioOX6zpru0Ww==,29/06/2017
Sx011yE3ys4vlUbKgO7lPw==,29/06/2017
W9zld0mw5HGSPXB9ekc4Wg==,07/04/2017
v+bqZ+d5KeWSnSSRc9/2nw==,07/04/2017
ThxpfFis4qBRRP8e1eZVKA==,07/04/2017
2A+NLxG70aircosC+jzWag==,07/04/2017
HaXKljrkkwvaHgoZzIiuhw==,07/04/2017
/snr6B3DTaBqwfTv+MjxMA==,24/05/2017
p7NExYl5/vz4kbkajlq7Ig==,24/05/2017
LqP/RdYg9itmaUkMVzlPPA==,24/05/2017
fIsstEeSqaazCgKGmmBf2A==,14/03/2017
LNh+EUvYWmm50pXlLoJGCg==,03/04/2017
Cu6CMt6koJg+AG7DcaGydA==,03/04/2017
PwuVSghrsb3MKvH/qZAi9A==,28/07/2017
sPRwFbas5Ekt2W1j5RXneQ==,28/07/2017
3WCWASy/NFeQM1wT2ImEkA==,18/04/2017
o7UHYrqUoTvS1w03fOStqQ==,18/04/2017
sVbddBbIEk7jGSHS1vMRHA==,19/01/2017
wVHlcWL0kFULdD5oipq+Hg==,19/01/2017
9/0g6F4fL/gx0qdExKB/cA==,25/11/2016
964DbGlf93/0vYLgFaL2JA==,28/07/2017
Y4aFaNJPT9+1E00pVkVD+A==,22/08/2017
Hfvad8QxC45vQhvQvTMFbA==,08/11/2016
feS6qV7fdSH0YPphR6L47g==,08/11/2016
sCuXN1jHvUnKSA1JcTuxtQ==,07/12/2016
6ACs+HdMgW+gFWlEu0W/dA==,07/12/2016
ADjC0laGRwxmDeYr9UZv4w==,07/07/2017
pLvuLLFgsGJ3TTldrHKAog==,07/07/2017
niggz1ysAE6nAfKhuJHKww==,29/06/2017
XLzXn9Y9xNcllfpD9t8N1A==,29/06/2017
aPJKTl8Kg2lp5NKT/S7skg==,29/06/2017
jI2mz8jdfPJ4YsCdnIA8/A==,29/06/2017
lcFP+cosXY6tShix6DDVBA==,29/06/2017
FyHwCjIs7hwAxXA/IbbPGA==,29/06/2017
oAdoXswMz4ILisHW539p/Q==,29/06/2017
nP/9nYn8F3UCXYn9yOqY5Q==,12/04/2017
36RX/qaUdclez8AaI0ictw==,28/03/2017
T1KZhOzLbr3EeV7gzxVPWg==,28/03/2017
gIzPpqjvjwkKq/nyroXfig==,07/12/2016
boY2vKE14kFy2xSX1fk5cA==,07/12/2016
KAUVGY6bj2PhWNvryV3Ciw==,08/03/2017
aNFFgXdYUsETmX2UgDoIVQ==,18/05/2017
uT1D8T/KwP3KQ/2ngf0QYg==,18/05/2017
J6Hg4xvxoYeX0m93lvGuTg==,25/04/2017
IriAYz5sOzx7zMVsWf8RuQ==,25/04/2017
1N6/49VpT3uKmXIz8C8ycw==,24/08/2017
58NkWj6hAk1nBKMTPHkwqA==,24/08/2017
Qsy/hkI+HUD4H7NQFf0sfg==,07/04/2017
tY+s5n0q0PauDeNlwfzUGA==,07/04/2017
gy5dIx41RdCQDvaFy7Q7qg==,13/03/2017
pLnw5weu1aUiQdRYopEHBQ==,13/03/2017
aS9KeV825Cif0mJvbcoVLA==,16/11/2016
V23nhfQu2rRnuLI6P7DBaA==,16/11/2016
M4TBeEzILAQW4dZtDzi6rw==,20/12/2016
1kmR+r9xZExYWeelT/HnFg==,20/12/2016
PUN1wswP04QmAAA/GDvTTA==,20/12/2016
YZVD+wu8em7h5k3mIVQsMQ==,20/12/2016
KuPSqs6vJiRlgXRBJIWbBw==,30/05/2017
pHDl2CYLbBwcOypl+itmdg==,10/03/2017
gL0ZeKPf8Nus65X7kZHn7g==,04/04/2017
kZY1mF8hMnW2CHhmm7oL4A==,19/05/2017
UKDqrzzZP6hlUccRLCWaOg==,19/05/2017
xLluFH0ASUEjUpiy5ftnjw==,13/02/2017
f5HTm8kXWqmlqyH3YVn/PQ==,11/04/2017
5YXC6opv8S5gwcPgfQJAeQ==,11/04/2017
2/xDtaY132OiRI+cl52b9Q==,21/12/2016
ugw4GlPUV12Wv3CHPtxSpA==,12/04/2017
s7oIHqMSM+sruufDHXUggg==,12/04/2017
9v+qw47TEvEdNOKYJgT+lA==,03/04/2017
vmoV99Z0bmC1Odwb02kU6w==,03/04/2017
VvmxNg1YNmjSjbmZ233suw==,24/05/2017
D0QJSppQd+vzgeTF3Q61Aw==,24/05/2017
KXWZ6lh2aag/fTCEbDl7cg==,13/06/2017
n8yL6z581GcU2Pp463Ba1Q==,13/06/2017
/WdbFT7MgDobrGqtZBCFxQ==,01/11/2016
d4PT6wzKPzCUV9d/Fd4y5A==,01/11/2016
5grzwQLegoI4IXDvpJckcQ==,01/11/2016
JEobSTYyNr3jkwKIiD6KGA==,10/07/2017
wJHGaLA6vOrvfvZW1DEiig==,10/07/2017
r971f1WHcWdoZ1TxSIag3g==,10/07/2017
NxPWa/9oVoqBzFv9QJo3Aw==,10/07/2017
A6+Va0Uhoa4JbT8Q+2YtIw==,10/07/2017
CFPeH2UtOiBuGCZNGOs7sA==,06/04/2017
T8oSGvlZyA28cBt6rLcVbg==,07/07/2017
iGVR1mYcfmTwPs3Bb36uiw==,07/07/2017
ZkUIGlQdI+GSBAWVmj4j2Q==,07/07/2017
Z5LKAm/vrzpjKXY43KkA6Q==,07/07/2017
RXx1OGAJngk3PiAuOSkt6Q==,07/07/2017
H+btpl3NRsOlrReJw78I9Q==,23/05/2017
YPG0clPU6Ya1jnU60WuGug==,23/05/2017
wUdPEIHzTD5QHpWsXpYn6Q==,23/05/2017
wnH+TAsuEFQ4kf0ucnfRVQ==,23/05/2017
vlt90Jgz9HPXCvv0wvhkKw==,16/08/2017
Zp2Ro+OfhjGxgURhaIn9fQ==,16/08/2017
s4zvtv6iR8dfXmueAGCheA==,22/05/2017
zooD6RzzY2eq3ckpR2SahQ==,22/05/2017
CnjZ+KHSwiieRBC8sGV7cw==,08/03/2017
WWB7CbvDlZkdnq1OV2luww==,08/03/2017
LjEPKSwWLezhblk2/9426A==,08/03/2017
oyCTR9/qKsSI/EWV3zUKmg==,10/08/2017
vGdC0JsfE9R9ctOMK377Gg==,10/08/2017
8maSQffMo/EwYIK3qfRY7Q==,10/03/2017
io2itPTdpoWg+iY147s+lg==,10/03/2017
sNdUAqDTOMz+wDVAe/RBDA==,01/08/2017
p6G1PpGjNE6eudsqb6Tq4g==,01/08/2017
CdDcsAYcTKeI2K5oU2xGoQ==,31/01/2017
wDT9Crr7Mn50HdnjF685mA==,31/01/2017
dKGQpnO5iAuCVBb9NqROsw==,31/01/2017
veHWE8Tng50bqsauqDV+fQ==,31/01/2017
LIaiF+BthuPbEwcjq9kP/w==,15/08/2017
QeOQonE/TiKwT7iJUZRbhA==,15/08/2017
5To41ds4EDymwadRG6ZP2Q==,15/08/2017
UrAdHPedShG+w+EqEmJS0w==,15/08/2017
hlBdjmw5gFMGzt4mzWbLbA==,17/07/2017
YXRSa+wn5s+TQ/+bJYXmfA==,17/07/2017
cKRpGf/sKh/nDC0YqmKJ0w==,03/03/2017
fqs8yLeaBmX3lu6nwUstkA==,03/03/2017
w1F9uTinDzb05zy5sOuPdg==,23/08/2017
b2n6hqzPLcp/tOPhKz0ptA==,23/08/2017
h35oFWU7b4n2Ut09oGufOg==,21/07/2017
8bK7wQKQQSDCJeLoC2DQ/g==,16/12/2016
PT8pj2CkMz7Ew5Fr9Zqthw==,16/12/2016
46yuZOZ9f5NW0p17YXvxEA==,18/11/2016
gDj/1DS9pgstOMtSo4+GKQ==,18/11/2016
/R9XfgzC3QLmrWEH/NGc7w==,18/11/2016
mAUNFkJLrRsgoRuAlRmZww==,16/11/2016
ulYQcP1sl5NtgHNLQcoUqQ==,16/11/2016
7EcK09P7aDN7FNUUuecyOA==,16/05/2017
380U+o+c9vhZClm3KokMew==,16/05/2017
q1pH1BxRvNQy9RUIigcLiw==,13/12/2016
NXkaYW8nYS9GEGrV8VLDow==,13/12/2016
S5l8laPNIvT1pFkDvE8xmg==,27/06/2017
qMrsHuucBCuulWgKYHiXAQ==,27/06/2017
a1+tDTpynWXr/sDsn1NvrA==,27/06/2017
/ay7zC7X47c43ZswWp8FFQ==,07/03/2017
ZwAzkT/4VHzu1xKuTF1aLQ==,09/03/2017
H124AYKqSyEw9Alkh6MUgQ==,09/03/2017
XPy6/XaFGbzlE3Gq5crI+w==,21/06/2017
AZf9Vqu2m/M+FtCr3CpDnw==,21/06/2017
K45tgh6XZKq1xo9il5wyCw==,21/08/2017
ChiCkg3BEIJBav73QC4AbQ==,21/08/2017
VOD0hfTa8DbkXn7D4kbvZw==,06/12/2016
PDg6cnm/nz4STuSzT+e8ow==,06/12/2016
/Ct6ijRvFf5cWHxuEkIDjQ==,23/06/2017
nzpP+HL5PI3mXvwvI2DOdw==,23/06/2017
nq/+2vIeUyMrr2l0jslkVw==,20/06/2017
d1PrPy0vXdW9oUHXdh445A==,09/06/2017
edu0NXA0xjyI0luVu7DTJg==,09/06/2017
0PGpsvd6CGZtfhE+QYZD0A==,02/08/2017
MpMapKPIM1dFbzLNUIoRWw==,02/08/2017
eutJ7R8FIICOPQvpkGBDZw==,29/11/2016
IK/9V3vfhx7orPyDRiJ5Hw==,29/11/2016
QLKPT8kM/0I+KnUmZJdTnw==,13/02/2017
e/+HxZ4/vF4d7S/jzh2YZQ==,13/02/2017
av4IN/iqxeCip/pRYbB7Vg==,06/07/2017
sU1I7eH3wvd3lYXvP5EC8A==,06/07/2017
3u569PISZqPo6F1ZMQeqiQ==,06/07/2017
dlBw+0XiuV9DUskXLC4u2w==,28/07/2017
oJqPrxPCtAu+cyHnUl4FhA==,15/12/2016
thnlWJishlP8TKodidPKDA==,18/01/2017
lDWAONGvWfDtwb5J0q72kg==,18/01/2017
VQoznkd/V9FJotxi6nA76g==,24/02/2017
+/3wihIQlw98LxmfTrEHGA==,24/02/2017
y1dnj9ut7JtG2VsRIDXU0w==,09/03/2017
xMr54EoNT4NWVEnyzOnV1Q==,09/03/2017
uffJmmJDOraB9+l83EvRBw==,06/03/2017
Ph4Z9ERbPYvzA/R3Hmlz5g==,06/03/2017
j/KINSdr7Hllj1bxT2mWdA==,06/03/2017
RecgC9Hbr4aMG2neDewjuQ==,06/03/2017
PhW8X6LcY2BcZKKvvuFDZg==,06/03/2017
BS7I/DuvHQF7mg91WaGLWg==,06/03/2017
9LL/gSIwxDp5d7Nm4fzG8Q==,18/11/2016
KgfmUxcPNnmy/GYNOt4NDw==,18/11/2016
E8Cg7foKk8ef9MaxfdjZ+w==,13/12/2016
8ho1dpI9SdZl5YRVGJTjOg==,13/12/2016
VWavEfRA4zS3/sQdN7OtHw==,06/12/2016
iBhq5PPVkjTVtRWxyoZmDw==,06/12/2016
v2m75Z8Gvia5bX76Gw8P/A==,17/08/2017
M+PY59vLf+WcBeMOB4ztAA==,21/08/2017
XYUISH6kbVI1u21UMcPHVg==,22/08/2017
1nDSACNPr1SAqhFSmwHXMg==,24/11/2016
OuCTYuOf1eqX+W8WlShukQ==,24/11/2016
KELbQP0dpE4L50M1+1UATQ==,24/11/2016
eKr+eM70ZmaN3ZXU2dfhrQ==,14/06/2017
ghZomao9tHuHIm9eKr+8pw==,14/06/2017
SQMOmdxmdvp6CuFSzgxoxw==,10/01/2017
Bu8sqvpuff8bueSkgN7VHw==,10/01/2017
q5mJ2bcWC4AKqhJRtWHBTQ==,21/03/2017
6tMW5EzJbvXyOXynzOq6gg==,28/06/2017
q0tFDZDrlxvcwNe3U0C2qA==,28/06/2017
xKWEbqkHgpKb82Xu7B6qbQ==,21/08/2017
hpjRgen+DyU2Vrz0QZzkPQ==,24/04/2017
dIZYHlkSXNX5NZ7WJtwhzQ==,24/04/2017
QFJj6NsTdRfU65sGi/TAXA==,14/07/2017
Mmfex4HBKniZCKua9QOTNA==,23/12/2016
2ifVHGzxhytdgInf4iHDWg==,23/12/2016
5wMWUDvkfK/8bW5khOBPXg==,10/03/2017
jcliNRuDojFxpxPlWnc2Xw==,10/03/2017
OpPBxZPmJNLQpupMVenP0g==,10/08/2017
vOrk5mBRgQUyajE1E2cb+Q==,08/03/2017
NWvMWMtafigcIFgpNXUSpA==,08/03/2017
ZVaw+BdR+LxH1dVZ6wShFA==,17/07/2017
t3aDaofHfcB/iSNREbFnAw==,17/07/2017
qiJnGv8soaobJhrPI2gJSw==,17/07/2017
BXA5QQc+oSLV727Oym0L1A==,25/01/2017
VuUEZ8j5svJ2QdX5UMJO7w==,25/01/2017
wRDz/T7hLMEtczTIo+U8dA==,26/07/2017
e9pFfJGWd47O/YRJHulXvQ==,26/07/2017
is4uEwWqyBOd0DXp3jyB+w==,02/03/2017
TswI00wVl63HuqN6nK7/ag==,02/03/2017
modMiEBfL8lkT7Uj4J+EEw==,02/03/2017